 ,WHOIS,DNS Hist.,Hosts,Certs,URLs,Samples,Sandbox,Code Sim.,Code,Netflow,Enrich
DNSChecker,:material-checkbox-marked:, , , , , , , , , , 
MXToolBox,:material-checkbox-marked:, , , , , , , , , , 
SecurityTrails,:material-checkbox-marked:,:material-checkbox-marked:, , , , , , , , , 
DomainTools,:material-checkbox-marked:,:material-checkbox-marked:, , , , , , , , , 
RiskIQ,:material-checkbox-marked:,:material-checkbox-marked:, , , , , , , , , 
Validin,,,:material-checkbox-marked:,:material-checkbox-marked:,,,,,,,
Shodan, , ,:material-checkbox-marked:,:material-checkbox-marked:, , , , , , , 
Censys, , ,:material-checkbox-marked:,:material-checkbox-marked:, , , , , , , 
BinaryEdge, , ,:material-checkbox-marked:,:material-checkbox-marked:, , , , , , , 
FOFA, , ,:material-checkbox-marked:,:material-checkbox-marked:, , , , , , , 
crt.sh, , , ,:material-checkbox-marked-outline:[^1], , , , , , , 
URLScan, , , , ,:material-checkbox-marked-outline:[^2], , , , , , 
PublicWWW, , , , ,:material-checkbox-marked:, , , , , , 
Internet Archive, , , , ,:material-checkbox-marked-outline:[^3], , , , , , 
VirusTotal, , ,:material-checkbox-marked-outline:[^4],:material-checkbox-marked:,:material-checkbox-marked-outline:[^2],:material-checkbox-marked:,:material-checkbox-marked:,:material-checkbox-marked:, , , 
MalShare, , , , , ,:material-checkbox-marked:, , , , , 
MalwareBazaar, , , , , ,:material-checkbox-marked:, , , , , 
HybridAnalysis, , , , , ,:material-checkbox-marked:,:material-checkbox-marked:, , , , 
any.run, , , , , ,:material-checkbox-marked:,:material-checkbox-marked:, , , , 
Intezer Analyse, , , , , , , ,:material-checkbox-marked:, , , 
GitHub Search, , , , , , , , ,:material-checkbox-marked:, , 
Augury, , , , , , , , , ,:material-checkbox-marked:, 
Cortex, , , , , , , , , , ,:material-checkbox-marked:
Yeti, , , , , , , , , , ,:material-checkbox-marked:
IntelOwl, , , , , , , , , , ,:material-checkbox-marked:
Vertex Synapse, , , , , , , , , , ,:material-checkbox-marked:
Maltego, , , , , , , , , , ,:material-checkbox-marked:
